
-- Initialize language table

INSERT INTO language(id, code) VALUES (1, 'EN');
INSERT INTO language(id, code) VALUES (2, 'FR');

-- Initialize booking_provider table

INSERT INTO booking_provider(id, name) VALUES (1, 'VIATOR');


-- Initialize activity_tag table

INSERT INTO activity_tag(id) VALUES (1);
INSERT INTO activity_tag(id) VALUES (2);
INSERT INTO activity_tag(id) VALUES (3);
INSERT INTO activity_tag(id) VALUES (4);
INSERT INTO activity_tag(id) VALUES (5);


-- Initialize activity_tag_translation table

INSERT INTO activity_tag_translation(language_id, name, prompt_text, activity_tag_id) VALUES (1, 'Art and Culture', 'Visit a museum', 1);
INSERT INTO activity_tag_translation(language_id, name, prompt_text, activity_tag_id) VALUES (2, 'Art et culture', 'Visiter un musée', 1);
INSERT INTO activity_tag_translation(language_id, name, prompt_text, activity_tag_id) VALUES (1, 'Food and Drink', 'Try a new restaurant', 2);
INSERT INTO activity_tag_translation(language_id, name, prompt_text, activity_tag_id) VALUES (2, 'Gastronomie', 'Tester un nouveau restaurant', 2);
INSERT INTO activity_tag_translation(language_id, name, prompt_text, activity_tag_id) VALUES (1, 'Sports', 'Go for a hike', 3);
INSERT INTO activity_tag_translation(language_id, name, prompt_text, activity_tag_id) VALUES (2, 'Activités sportives', 'Faire une randonnée', 3);
INSERT INTO activity_tag_translation(language_id, name, prompt_text, activity_tag_id) VALUES (1, 'Classes and Workshops', 'Learn a new skill', 4);
INSERT INTO activity_tag_translation(language_id, name, prompt_text, activity_tag_id) VALUES (2, 'Cours et ateliers', 'Participer à un atelier', 4);
INSERT INTO activity_tag_translation(language_id, name, prompt_text, activity_tag_id) VALUES (1, 'Tickets and passes', 'Take a city walk', 5);
INSERT INTO activity_tag_translation(language_id, name, prompt_text, activity_tag_id) VALUES (2, 'Tickets et passes', 'Se promener en ville', 5);


-- Initialize activity_tag_provider_mapping table

INSERT INTO activity_tag_provider_mapping(activity_tag_id, provider_activity_tag_id, booking_provider_id) VALUES (1, '21910', 1);
INSERT INTO activity_tag_provider_mapping(activity_tag_id, provider_activity_tag_id, booking_provider_id) VALUES (2, '21911', 1);
INSERT INTO activity_tag_provider_mapping(activity_tag_id, provider_activity_tag_id, booking_provider_id) VALUES (3, '21909', 1);
INSERT INTO activity_tag_provider_mapping(activity_tag_id, provider_activity_tag_id, booking_provider_id) VALUES (4, '21915', 1);
INSERT INTO activity_tag_provider_mapping(activity_tag_id, provider_activity_tag_id, booking_provider_id) VALUES (5, '21912', 1);


-- Initialize country table


INSERT INTO country(id, iso_2_code) VALUES (1, 'af');
INSERT INTO country(id, iso_2_code) VALUES (2, 'al');
INSERT INTO country(id, iso_2_code) VALUES (3, 'dz');
INSERT INTO country(id, iso_2_code) VALUES (4, 'as');
INSERT INTO country(id, iso_2_code) VALUES (5, 'ad');
INSERT INTO country(id, iso_2_code) VALUES (6, 'ao');
INSERT INTO country(id, iso_2_code) VALUES (7, 'ai');
INSERT INTO country(id, iso_2_code) VALUES (8, 'aq');
INSERT INTO country(id, iso_2_code) VALUES (9, 'ag');
INSERT INTO country(id, iso_2_code) VALUES (10, 'ar');
INSERT INTO country(id, iso_2_code) VALUES (11, 'am');
INSERT INTO country(id, iso_2_code) VALUES (12, 'aw');
INSERT INTO country(id, iso_2_code) VALUES (13, 'ac');
INSERT INTO country(id, iso_2_code) VALUES (14, 'au');
INSERT INTO country(id, iso_2_code) VALUES (15, 'at');
INSERT INTO country(id, iso_2_code) VALUES (16, 'az');
INSERT INTO country(id, iso_2_code) VALUES (17, 'bs');
INSERT INTO country(id, iso_2_code) VALUES (18, 'bh');
INSERT INTO country(id, iso_2_code) VALUES (19, 'bd');
INSERT INTO country(id, iso_2_code) VALUES (20, 'bb');
INSERT INTO country(id, iso_2_code) VALUES (21, 'by');
INSERT INTO country(id, iso_2_code) VALUES (22, 'be');
INSERT INTO country(id, iso_2_code) VALUES (23, 'bz');
INSERT INTO country(id, iso_2_code) VALUES (24, 'bj');
INSERT INTO country(id, iso_2_code) VALUES (25, 'bm');
INSERT INTO country(id, iso_2_code) VALUES (26, 'bt');
INSERT INTO country(id, iso_2_code) VALUES (27, 'bo');
INSERT INTO country(id, iso_2_code) VALUES (28, 'ba');
INSERT INTO country(id, iso_2_code) VALUES (29, 'bw');
INSERT INTO country(id, iso_2_code) VALUES (30, 'br');
INSERT INTO country(id, iso_2_code) VALUES (31, 'vg');
INSERT INTO country(id, iso_2_code) VALUES (32, 'bn');
INSERT INTO country(id, iso_2_code) VALUES (33, 'bg');
INSERT INTO country(id, iso_2_code) VALUES (34, 'bf');
INSERT INTO country(id, iso_2_code) VALUES (35, 'mm');
INSERT INTO country(id, iso_2_code) VALUES (36, 'bi');
INSERT INTO country(id, iso_2_code) VALUES (37, 'kh');
INSERT INTO country(id, iso_2_code) VALUES (38, 'cm');
INSERT INTO country(id, iso_2_code) VALUES (40, 'ca');
INSERT INTO country(id, iso_2_code) VALUES (41, 'cv');
INSERT INTO country(id, iso_2_code) VALUES (42, 'ky');
INSERT INTO country(id, iso_2_code) VALUES (43, 'cf');
INSERT INTO country(id, iso_2_code) VALUES (44, 'td');
INSERT INTO country(id, iso_2_code) VALUES (45, 'cl');
INSERT INTO country(id, iso_2_code) VALUES (46, 'cn');
INSERT INTO country(id, iso_2_code) VALUES (47, 'cx');
INSERT INTO country(id, iso_2_code) VALUES (48, 'cc');
INSERT INTO country(id, iso_2_code) VALUES (49, 'co');
INSERT INTO country(id, iso_2_code) VALUES (50, 'km');
INSERT INTO country(id, iso_2_code) VALUES (51, 'cg');
INSERT INTO country(id, iso_2_code) VALUES (52, 'ck');
INSERT INTO country(id, iso_2_code) VALUES (53, 'cr');
INSERT INTO country(id, iso_2_code) VALUES (54, 'hr');
INSERT INTO country(id, iso_2_code) VALUES (55, 'cu');
INSERT INTO country(id, iso_2_code) VALUES (56, 'cy');
INSERT INTO country(id, iso_2_code) VALUES (57, 'cz');
INSERT INTO country(id, iso_2_code) VALUES (58, 'cd');
INSERT INTO country(id, iso_2_code) VALUES (59, 'dk');
INSERT INTO country(id, iso_2_code) VALUES (60, 'dg');
INSERT INTO country(id, iso_2_code) VALUES (61, 'dj');
INSERT INTO country(id, iso_2_code) VALUES (62, 'dm');
INSERT INTO country(id, iso_2_code) VALUES (63, 'do');
INSERT INTO country(id, iso_2_code) VALUES (64, 'ec');
INSERT INTO country(id, iso_2_code) VALUES (65, 'eg');
INSERT INTO country(id, iso_2_code) VALUES (66, 'sv');
INSERT INTO country(id, iso_2_code) VALUES (67, 'gq');
INSERT INTO country(id, iso_2_code) VALUES (68, 'er');
INSERT INTO country(id, iso_2_code) VALUES (69, 'ee');
INSERT INTO country(id, iso_2_code) VALUES (70, 'et');
INSERT INTO country(id, iso_2_code) VALUES (71, 'fk');
INSERT INTO country(id, iso_2_code) VALUES (72, 'fo');
INSERT INTO country(id, iso_2_code) VALUES (73, 'fj');
INSERT INTO country(id, iso_2_code) VALUES (74, 'fi');
INSERT INTO country(id, iso_2_code) VALUES (75, 2);
INSERT INTO country(id, iso_2_code) VALUES (76, 'gf');
INSERT INTO country(id, iso_2_code) VALUES (77, 'pf');
INSERT INTO country(id, iso_2_code) VALUES (78, 'ga');
INSERT INTO country(id, iso_2_code) VALUES (79, 'gm');
INSERT INTO country(id, iso_2_code) VALUES (80, 'ge');
INSERT INTO country(id, iso_2_code) VALUES (82, 'de');
INSERT INTO country(id, iso_2_code) VALUES (83, 'gh');
INSERT INTO country(id, iso_2_code) VALUES (84, 'gi');
INSERT INTO country(id, iso_2_code) VALUES (85, 'gr');
INSERT INTO country(id, iso_2_code) VALUES (86, 'gl');
INSERT INTO country(id, iso_2_code) VALUES (87, 'gd');
INSERT INTO country(id, iso_2_code) VALUES (88, 'gp');
INSERT INTO country(id, iso_2_code) VALUES (89, 'gu');
INSERT INTO country(id, iso_2_code) VALUES (90, 'gt');
INSERT INTO country(id, iso_2_code) VALUES (91, 'gn');
INSERT INTO country(id, iso_2_code) VALUES (92, 'gw');
INSERT INTO country(id, iso_2_code) VALUES (93, 'gy');
INSERT INTO country(id, iso_2_code) VALUES (94, 'ht');
INSERT INTO country(id, iso_2_code) VALUES (95, 'va');
INSERT INTO country(id, iso_2_code) VALUES (96, 'hn');
INSERT INTO country(id, iso_2_code) VALUES (97, 'hk');
INSERT INTO country(id, iso_2_code) VALUES (98, 'hu');
INSERT INTO country(id, iso_2_code) VALUES (99, 'is');
INSERT INTO country(id, iso_2_code) VALUES (100, 'in');
INSERT INTO country(id, iso_2_code) VALUES (101, 'id');
INSERT INTO country(id, iso_2_code) VALUES (102, 'ir');
INSERT INTO country(id, iso_2_code) VALUES (103, 'iq');
INSERT INTO country(id, iso_2_code) VALUES (104, 'ie');
INSERT INTO country(id, iso_2_code) VALUES (105, 'im');
INSERT INTO country(id, iso_2_code) VALUES (106, 'il');
INSERT INTO country(id, iso_2_code) VALUES (107, 'it');
INSERT INTO country(id, iso_2_code) VALUES (108, 'ci');
INSERT INTO country(id, iso_2_code) VALUES (109, 'jm');
INSERT INTO country(id, iso_2_code) VALUES (110, 'jp');
INSERT INTO country(id, iso_2_code) VALUES (111, 'je');
INSERT INTO country(id, iso_2_code) VALUES (112, 'jo');
INSERT INTO country(id, iso_2_code) VALUES (113, 'kz');
INSERT INTO country(id, iso_2_code) VALUES (114, 'ke');
INSERT INTO country(id, iso_2_code) VALUES (115, 'ki');
INSERT INTO country(id, iso_2_code) VALUES (116, 'kw');
INSERT INTO country(id, iso_2_code) VALUES (117, 'kg');
INSERT INTO country(id, iso_2_code) VALUES (118, 'la');
INSERT INTO country(id, iso_2_code) VALUES (119, 'lv');
INSERT INTO country(id, iso_2_code) VALUES (120, 'lb');
INSERT INTO country(id, iso_2_code) VALUES (121, 'ls');
INSERT INTO country(id, iso_2_code) VALUES (122, 'lr');
INSERT INTO country(id, iso_2_code) VALUES (124, 'ly');
INSERT INTO country(id, iso_2_code) VALUES (125, 'li');
INSERT INTO country(id, iso_2_code) VALUES (126, 'lt');
INSERT INTO country(id, iso_2_code) VALUES (127, 'lu');
INSERT INTO country(id, iso_2_code) VALUES (128, 'mo');
INSERT INTO country(id, iso_2_code) VALUES (129, 'mk');
INSERT INTO country(id, iso_2_code) VALUES (130, 'mg');
INSERT INTO country(id, iso_2_code) VALUES (131, 'mw');
INSERT INTO country(id, iso_2_code) VALUES (132, 'my');
INSERT INTO country(id, iso_2_code) VALUES (133, 'mv');
INSERT INTO country(id, iso_2_code) VALUES (134, 'ml');
INSERT INTO country(id, iso_2_code) VALUES (135, 'mt');
INSERT INTO country(id, iso_2_code) VALUES (136, 'mh');
INSERT INTO country(id, iso_2_code) VALUES (137, 'mq');
INSERT INTO country(id, iso_2_code) VALUES (138, 'mr');
INSERT INTO country(id, iso_2_code) VALUES (139, 'mu');
INSERT INTO country(id, iso_2_code) VALUES (140, 'yt');
INSERT INTO country(id, iso_2_code) VALUES (141, 'mx');
INSERT INTO country(id, iso_2_code) VALUES (142, 'fm');
INSERT INTO country(id, iso_2_code) VALUES (143, 'md');
INSERT INTO country(id, iso_2_code) VALUES (144, 'mc');
INSERT INTO country(id, iso_2_code) VALUES (145, 'mn');
INSERT INTO country(id, iso_2_code) VALUES (146, 'me');
INSERT INTO country(id, iso_2_code) VALUES (147, 'ms');
INSERT INTO country(id, iso_2_code) VALUES (148, 'ma');
INSERT INTO country(id, iso_2_code) VALUES (149, 'mz');
INSERT INTO country(id, iso_2_code) VALUES (150, 'na');
INSERT INTO country(id, iso_2_code) VALUES (151, 'nr');
INSERT INTO country(id, iso_2_code) VALUES (152, 'np');
INSERT INTO country(id, iso_2_code) VALUES (153, 'nl');
INSERT INTO country(id, iso_2_code) VALUES (154, 'an');
INSERT INTO country(id, iso_2_code) VALUES (155, 'nc');
INSERT INTO country(id, iso_2_code) VALUES (156, 'nz');
INSERT INTO country(id, iso_2_code) VALUES (157, 'ni');
INSERT INTO country(id, iso_2_code) VALUES (158, 'ne');
INSERT INTO country(id, iso_2_code) VALUES (159, 'ng');
INSERT INTO country(id, iso_2_code) VALUES (160, 'nu');
INSERT INTO country(id, iso_2_code) VALUES (161, 'nf');
INSERT INTO country(id, iso_2_code) VALUES (162, 'kp');
INSERT INTO country(id, iso_2_code) VALUES (163, 'mp');
INSERT INTO country(id, iso_2_code) VALUES (164, 'no');
INSERT INTO country(id, iso_2_code) VALUES (166, 'om');
INSERT INTO country(id, iso_2_code) VALUES (167, 'pk');
INSERT INTO country(id, iso_2_code) VALUES (168, 'pw');
INSERT INTO country(id, iso_2_code) VALUES (169, 'ps');
INSERT INTO country(id, iso_2_code) VALUES (170, 'pa');
INSERT INTO country(id, iso_2_code) VALUES (171, 'pg');
INSERT INTO country(id, iso_2_code) VALUES (172, 'py');
INSERT INTO country(id, iso_2_code) VALUES (173, 'pe');
INSERT INTO country(id, iso_2_code) VALUES (174, 'ph');
INSERT INTO country(id, iso_2_code) VALUES (175, 'pn');
INSERT INTO country(id, iso_2_code) VALUES (176, 'pl');
INSERT INTO country(id, iso_2_code) VALUES (177, 'pt');
INSERT INTO country(id, iso_2_code) VALUES (178, 'pr');
INSERT INTO country(id, iso_2_code) VALUES (179, 'qa');
INSERT INTO country(id, iso_2_code) VALUES (180, 'cg');
INSERT INTO country(id, iso_2_code) VALUES (181, 're');
INSERT INTO country(id, iso_2_code) VALUES (182, 'ro');
INSERT INTO country(id, iso_2_code) VALUES (183, 'ru');
INSERT INTO country(id, iso_2_code) VALUES (184, 'rw');
INSERT INTO country(id, iso_2_code) VALUES (185, 'bl');
INSERT INTO country(id, iso_2_code) VALUES (186, 'sh');
INSERT INTO country(id, iso_2_code) VALUES (187, 'kn');
INSERT INTO country(id, iso_2_code) VALUES (188, 'lc');
INSERT INTO country(id, iso_2_code) VALUES (189, 'mf');
INSERT INTO country(id, iso_2_code) VALUES (190, 'pm');
INSERT INTO country(id, iso_2_code) VALUES (191, 'vc');
INSERT INTO country(id, iso_2_code) VALUES (192, 'ws');
INSERT INTO country(id, iso_2_code) VALUES (193, 'sm');
INSERT INTO country(id, iso_2_code) VALUES (194, 'st');
INSERT INTO country(id, iso_2_code) VALUES (195, 'sa');
INSERT INTO country(id, iso_2_code) VALUES (196, 'sn');
INSERT INTO country(id, iso_2_code) VALUES (197, 'rs');
INSERT INTO country(id, iso_2_code) VALUES (198, 'sc');
INSERT INTO country(id, iso_2_code) VALUES (199, 'sl');
INSERT INTO country(id, iso_2_code) VALUES (200, 'sg');
INSERT INTO country(id, iso_2_code) VALUES (201, 'sx');
INSERT INTO country(id, iso_2_code) VALUES (202, 'sk');
INSERT INTO country(id, iso_2_code) VALUES (203, 'si');
INSERT INTO country(id, iso_2_code) VALUES (204, 'sb');
INSERT INTO country(id, iso_2_code) VALUES (205, 'so');
INSERT INTO country(id, iso_2_code) VALUES (206, 'za');
INSERT INTO country(id, iso_2_code) VALUES (208, 'kr');
INSERT INTO country(id, iso_2_code) VALUES (209, 'ss');
INSERT INTO country(id, iso_2_code) VALUES (210, 'es');
INSERT INTO country(id, iso_2_code) VALUES (211, 'lk');
INSERT INTO country(id, iso_2_code) VALUES (212, 'sd');
INSERT INTO country(id, iso_2_code) VALUES (213, 'sr');
INSERT INTO country(id, iso_2_code) VALUES (214, 'sj');
INSERT INTO country(id, iso_2_code) VALUES (215, 'sz');
INSERT INTO country(id, iso_2_code) VALUES (216, 'se');
INSERT INTO country(id, iso_2_code) VALUES (217, 'ch');
INSERT INTO country(id, iso_2_code) VALUES (218, 'sy');
INSERT INTO country(id, iso_2_code) VALUES (219, 'tw');
INSERT INTO country(id, iso_2_code) VALUES (220, 'tj');
INSERT INTO country(id, iso_2_code) VALUES (221, 'tz');
INSERT INTO country(id, iso_2_code) VALUES (222, 'th');
INSERT INTO country(id, iso_2_code) VALUES (223, 'tl');
INSERT INTO country(id, iso_2_code) VALUES (224, 'tg');
INSERT INTO country(id, iso_2_code) VALUES (225, 'tk');
INSERT INTO country(id, iso_2_code) VALUES (226, 'to');
INSERT INTO country(id, iso_2_code) VALUES (227, 'tt');
INSERT INTO country(id, iso_2_code) VALUES (228, 'tn');
INSERT INTO country(id, iso_2_code) VALUES (229, 'tr');
INSERT INTO country(id, iso_2_code) VALUES (230, 'tm');
INSERT INTO country(id, iso_2_code) VALUES (231, 'tc');
INSERT INTO country(id, iso_2_code) VALUES (232, 'tv');
INSERT INTO country(id, iso_2_code) VALUES (233, 'ug');
INSERT INTO country(id, iso_2_code) VALUES (234, 'ua');
INSERT INTO country(id, iso_2_code) VALUES (235, 'ae');
INSERT INTO country(id, iso_2_code) VALUES (236, 'gb');
INSERT INTO country(id, iso_2_code) VALUES (237, 'us');
INSERT INTO country(id, iso_2_code) VALUES (238, 'uy');
INSERT INTO country(id, iso_2_code) VALUES (239, 'vi');
INSERT INTO country(id, iso_2_code) VALUES (240, 'uz');
INSERT INTO country(id, iso_2_code) VALUES (241, 'vu');
INSERT INTO country(id, iso_2_code) VALUES (242, 've');
INSERT INTO country(id, iso_2_code) VALUES (243, 'vn');
INSERT INTO country(id, iso_2_code) VALUES (244, 'wf');
INSERT INTO country(id, iso_2_code) VALUES (245, 'eh');
INSERT INTO country(id, iso_2_code) VALUES (246, 'ye');
INSERT INTO country(id, iso_2_code) VALUES (247, 'zm');
INSERT INTO country(id, iso_2_code) VALUES (248, 'zw');
INSERT INTO country(id, iso_2_code) VALUES (249, 'xe');
INSERT INTO country(id, iso_2_code) VALUES (250, 'xw');
INSERT INTO country(id, iso_2_code) VALUES (251, 'xs');
INSERT INTO country(id, iso_2_code) VALUES (252, 'xn');




-- Initialize country_translationZ table


INSERT INTO country_translation(language_id, name, country_id) VALUES (1, 'Afghanistan', 1);
INSERT INTO country_translation(language_id, name, country_id) VALUES (1, 'Albania', 2);
INSERT INTO country_translation(language_id, name, country_id) VALUES (1, 'Algeria', 3);
INSERT INTO country_translation(language_id, name, country_id) VALUES (1, 'American Samoa', 4);
INSERT INTO country_translation(language_id, name, country_id) VALUES (1, 'Andorra', 5);
INSERT INTO country_translation(language_id, name, country_id) VALUES (1, 'Angola', 6);
INSERT INTO country_translation(language_id, name, country_id) VALUES (1, 'Anguilla', 7);
INSERT INTO country_translation(language_id, name, country_id) VALUES (1, 'Antarctica', 8);
INSERT INTO country_translation(language_id, name, country_id) VALUES (1, 'Antigua and Barbuda', 9);
INSERT INTO country_translation(language_id, name, country_id) VALUES (1, 'Argentina', 10);
INSERT INTO country_translation(language_id, name, country_id) VALUES (1, 'Armenia', 11);
INSERT INTO country_translation(language_id, name, country_id) VALUES (1, 'Aruba', 12);
INSERT INTO country_translation(language_id, name, country_id) VALUES (1, 'Ascension Island', 13);
INSERT INTO country_translation(language_id, name, country_id) VALUES (1, 'Australia', 14);
INSERT INTO country_translation(language_id, name, country_id) VALUES (1, 'Austria', 15);
INSERT INTO country_translation(language_id, name, country_id) VALUES (1, 'Azerbaijan', 16);
INSERT INTO country_translation(language_id, name, country_id) VALUES (1, 'Bahamas', 17);
INSERT INTO country_translation(language_id, name, country_id) VALUES (1, 'Bahrain', 18);
INSERT INTO country_translation(language_id, name, country_id) VALUES (1, 'Bangladesh', 19);
INSERT INTO country_translation(language_id, name, country_id) VALUES (1, 'Barbados', 20);
INSERT INTO country_translation(language_id, name, country_id) VALUES (1, 'Belarus', 21);
INSERT INTO country_translation(language_id, name, country_id) VALUES (1, 'Belgium', 22);
INSERT INTO country_translation(language_id, name, country_id) VALUES (1, 'Belize', 23);
INSERT INTO country_translation(language_id, name, country_id) VALUES (1, 'Benin', 24);
INSERT INTO country_translation(language_id, name, country_id) VALUES (1, 'Bermuda', 25);
INSERT INTO country_translation(language_id, name, country_id) VALUES (1, 'Bhutan', 26);
INSERT INTO country_translation(language_id, name, country_id) VALUES (1, 'Bolivia', 27);
INSERT INTO country_translation(language_id, name, country_id) VALUES (1, 'Bosnia and Herzegovina', 28);
INSERT INTO country_translation(language_id, name, country_id) VALUES (1, 'Botswana', 29);
INSERT INTO country_translation(language_id, name, country_id) VALUES (1, 'Brazil', 30);
INSERT INTO country_translation(language_id, name, country_id) VALUES (1, 'British Virgin Islands', 31);
INSERT INTO country_translation(language_id, name, country_id) VALUES (1, 'Brunei', 32);
INSERT INTO country_translation(language_id, name, country_id) VALUES (1, 'Bulgaria', 33);
INSERT INTO country_translation(language_id, name, country_id) VALUES (1, 'Burkina Faso', 34);
INSERT INTO country_translation(language_id, name, country_id) VALUES (1, 'Burma (Myanmar)', 35);
INSERT INTO country_translation(language_id, name, country_id) VALUES (1, 'Burundi', 36);
INSERT INTO country_translation(language_id, name, country_id) VALUES (1, 'Cambodia', 37);
INSERT INTO country_translation(language_id, name, country_id) VALUES (1, 'Cameroon', 38);
INSERT INTO country_translation(language_id, name, country_id) VALUES (1, 'Canada', 40);
INSERT INTO country_translation(language_id, name, country_id) VALUES (1, 'Cape Verde', 41);
INSERT INTO country_translation(language_id, name, country_id) VALUES (1, 'Cayman Islands', 42);
INSERT INTO country_translation(language_id, name, country_id) VALUES (1, 'Central African Republic', 43);
INSERT INTO country_translation(language_id, name, country_id) VALUES (1, 'Chad', 44);
INSERT INTO country_translation(language_id, name, country_id) VALUES (1, 'Chile', 45);
INSERT INTO country_translation(language_id, name, country_id) VALUES (1, 'China', 46);
INSERT INTO country_translation(language_id, name, country_id) VALUES (1, 'Christmas Island', 47);
INSERT INTO country_translation(language_id, name, country_id) VALUES (1, 'Cocos (Keeling) Islands', 48);
INSERT INTO country_translation(language_id, name, country_id) VALUES (1, 'Colombia', 49);
INSERT INTO country_translation(language_id, name, country_id) VALUES (1, 'Comoros', 50);
INSERT INTO country_translation(language_id, name, country_id) VALUES (1, 'Congo', 51);
INSERT INTO country_translation(language_id, name, country_id) VALUES (1, 'Cook Islands', 52);
INSERT INTO country_translation(language_id, name, country_id) VALUES (1, 'Costa Rica', 53);
INSERT INTO country_translation(language_id, name, country_id) VALUES (1, 'Croatia', 54);
INSERT INTO country_translation(language_id, name, country_id) VALUES (1, 'Cuba', 55);
INSERT INTO country_translation(language_id, name, country_id) VALUES (1, 'Cyprus', 56);
INSERT INTO country_translation(language_id, name, country_id) VALUES (1, 'Czech Republic', 57);
INSERT INTO country_translation(language_id, name, country_id) VALUES (1, 'Democratic Republic of the Congo', 58);
INSERT INTO country_translation(language_id, name, country_id) VALUES (1, 'Denmark', 59);
INSERT INTO country_translation(language_id, name, country_id) VALUES (1, 'Diego Garcia', 60);
INSERT INTO country_translation(language_id, name, country_id) VALUES (1, 'Djibouti', 61);
INSERT INTO country_translation(language_id, name, country_id) VALUES (1, 'Dominica', 62);
INSERT INTO country_translation(language_id, name, country_id) VALUES (1, 'Dominican Republic', 63);
INSERT INTO country_translation(language_id, name, country_id) VALUES (1, 'Ecuador', 64);
INSERT INTO country_translation(language_id, name, country_id) VALUES (1, 'Egypt', 65);
INSERT INTO country_translation(language_id, name, country_id) VALUES (1, 'El Salvador', 66);
INSERT INTO country_translation(language_id, name, country_id) VALUES (1, 'England', 249);
INSERT INTO country_translation(language_id, name, country_id) VALUES (1, 'Equatorial Guinea', 67);
INSERT INTO country_translation(language_id, name, country_id) VALUES (1, 'Eritrea', 68);
INSERT INTO country_translation(language_id, name, country_id) VALUES (1, 'Estonia', 69);
INSERT INTO country_translation(language_id, name, country_id) VALUES (1, 'Ethiopia', 70);
INSERT INTO country_translation(language_id, name, country_id) VALUES (1, 'Falkland Islands', 71);
INSERT INTO country_translation(language_id, name, country_id) VALUES (1, 'Faroe Islands', 72);
INSERT INTO country_translation(language_id, name, country_id) VALUES (1, 'Fiji', 73);
INSERT INTO country_translation(language_id, name, country_id) VALUES (1, 'Finland', 74);
INSERT INTO country_translation(language_id, name, country_id) VALUES (1, 'France', 75);
INSERT INTO country_translation(language_id, name, country_id) VALUES (1, 'French Guiana', 76);
INSERT INTO country_translation(language_id, name, country_id) VALUES (1, 'French Polynesia', 77);
INSERT INTO country_translation(language_id, name, country_id) VALUES (1, 'Gabon', 78);
INSERT INTO country_translation(language_id, name, country_id) VALUES (1, 'Gambia', 79);
INSERT INTO country_translation(language_id, name, country_id) VALUES (1, 'Georgia', 80);
INSERT INTO country_translation(language_id, name, country_id) VALUES (1, 'Germany', 82);
INSERT INTO country_translation(language_id, name, country_id) VALUES (1, 'Ghana', 83);
INSERT INTO country_translation(language_id, name, country_id) VALUES (1, 'Gibraltar', 84);
INSERT INTO country_translation(language_id, name, country_id) VALUES (1, 'Greece', 85);
INSERT INTO country_translation(language_id, name, country_id) VALUES (1, 'Greenland', 86);
INSERT INTO country_translation(language_id, name, country_id) VALUES (1, 'Grenada', 87);
INSERT INTO country_translation(language_id, name, country_id) VALUES (1, 'Guadeloupe', 88);
INSERT INTO country_translation(language_id, name, country_id) VALUES (1, 'Guam', 89);
INSERT INTO country_translation(language_id, name, country_id) VALUES (1, 'Guatemala', 90);
INSERT INTO country_translation(language_id, name, country_id) VALUES (1, 'Guinea', 91);
INSERT INTO country_translation(language_id, name, country_id) VALUES (1, 'Guinea Bissau', 92);
INSERT INTO country_translation(language_id, name, country_id) VALUES (1, 'Guyana', 93);
INSERT INTO country_translation(language_id, name, country_id) VALUES (1, 'Haiti', 94);
INSERT INTO country_translation(language_id, name, country_id) VALUES (1, 'Holy See (Vatican City)', 95);
INSERT INTO country_translation(language_id, name, country_id) VALUES (1, 'Honduras', 96);
INSERT INTO country_translation(language_id, name, country_id) VALUES (1, 'Hong Kong', 97);
INSERT INTO country_translation(language_id, name, country_id) VALUES (1, 'Hungary', 98);
INSERT INTO country_translation(language_id, name, country_id) VALUES (1, 'Iceland', 99);
INSERT INTO country_translation(language_id, name, country_id) VALUES (1, 'India', 100);
INSERT INTO country_translation(language_id, name, country_id) VALUES (1, 'Indonesia', 101);
INSERT INTO country_translation(language_id, name, country_id) VALUES (1, 'Iran', 102);
INSERT INTO country_translation(language_id, name, country_id) VALUES (1, 'Iraq', 103);
INSERT INTO country_translation(language_id, name, country_id) VALUES (1, 'Ireland', 104);
INSERT INTO country_translation(language_id, name, country_id) VALUES (1, 'Isle of Man', 105);
INSERT INTO country_translation(language_id, name, country_id) VALUES (1, 'Israel', 106);
INSERT INTO country_translation(language_id, name, country_id) VALUES (1, 'Italy', 107);
INSERT INTO country_translation(language_id, name, country_id) VALUES (1, 'Ivory Coast', 108);
INSERT INTO country_translation(language_id, name, country_id) VALUES (1, 'Jamaica', 109);
INSERT INTO country_translation(language_id, name, country_id) VALUES (1, 'Japan', 110);
INSERT INTO country_translation(language_id, name, country_id) VALUES (1, 'Jersey', 111);
INSERT INTO country_translation(language_id, name, country_id) VALUES (1, 'Jordan', 112);
INSERT INTO country_translation(language_id, name, country_id) VALUES (1, 'Kazakhstan', 113);
INSERT INTO country_translation(language_id, name, country_id) VALUES (1, 'Kenya', 114);
INSERT INTO country_translation(language_id, name, country_id) VALUES (1, 'Kiribati', 115);
INSERT INTO country_translation(language_id, name, country_id) VALUES (1, 'Kuwait', 116);
INSERT INTO country_translation(language_id, name, country_id) VALUES (1, 'Kyrgyzstan', 117);
INSERT INTO country_translation(language_id, name, country_id) VALUES (1, 'Laos', 118);
INSERT INTO country_translation(language_id, name, country_id) VALUES (1, 'Latvia', 119);
INSERT INTO country_translation(language_id, name, country_id) VALUES (1, 'Lebanon', 120);
INSERT INTO country_translation(language_id, name, country_id) VALUES (1, 'Lesotho', 121);
INSERT INTO country_translation(language_id, name, country_id) VALUES (1, 'Liberia', 122);
INSERT INTO country_translation(language_id, name, country_id) VALUES (1, 'Libya', 124);
INSERT INTO country_translation(language_id, name, country_id) VALUES (1, 'Liechtenstein', 125);
INSERT INTO country_translation(language_id, name, country_id) VALUES (1, 'Lithuania', 126);
INSERT INTO country_translation(language_id, name, country_id) VALUES (1, 'Luxembourg', 127);
INSERT INTO country_translation(language_id, name, country_id) VALUES (1, 'Macau', 128);
INSERT INTO country_translation(language_id, name, country_id) VALUES (1, 'Macedonia', 129);
INSERT INTO country_translation(language_id, name, country_id) VALUES (1, 'Madagascar', 130);
INSERT INTO country_translation(language_id, name, country_id) VALUES (1, 'Malawi', 131);
INSERT INTO country_translation(language_id, name, country_id) VALUES (1, 'Malaysia', 132);
INSERT INTO country_translation(language_id, name, country_id) VALUES (1, 'Maldives', 133);
INSERT INTO country_translation(language_id, name, country_id) VALUES (1, 'Mali', 134);
INSERT INTO country_translation(language_id, name, country_id) VALUES (1, 'Malta', 135);
INSERT INTO country_translation(language_id, name, country_id) VALUES (1, 'Marshall Islands', 136);
INSERT INTO country_translation(language_id, name, country_id) VALUES (1, 'Martinique', 137);
INSERT INTO country_translation(language_id, name, country_id) VALUES (1, 'Mauritania', 138);
INSERT INTO country_translation(language_id, name, country_id) VALUES (1, 'Mauritius', 139);
INSERT INTO country_translation(language_id, name, country_id) VALUES (1, 'Mayotte', 140);
INSERT INTO country_translation(language_id, name, country_id) VALUES (1, 'Mexico', 141);
INSERT INTO country_translation(language_id, name, country_id) VALUES (1, 'Micronesia', 142);
INSERT INTO country_translation(language_id, name, country_id) VALUES (1, 'Moldova', 143);
INSERT INTO country_translation(language_id, name, country_id) VALUES (1, 'Monaco', 144);
INSERT INTO country_translation(language_id, name, country_id) VALUES (1, 'Mongolia', 145);
INSERT INTO country_translation(language_id, name, country_id) VALUES (1, 'Montenegro', 146);
INSERT INTO country_translation(language_id, name, country_id) VALUES (1, 'Montserrat', 147);
INSERT INTO country_translation(language_id, name, country_id) VALUES (1, 'Morocco', 148);
INSERT INTO country_translation(language_id, name, country_id) VALUES (1, 'Mozambique', 149);
INSERT INTO country_translation(language_id, name, country_id) VALUES (1, 'Namibia', 150);
INSERT INTO country_translation(language_id, name, country_id) VALUES (1, 'Nauru', 151);
INSERT INTO country_translation(language_id, name, country_id) VALUES (1, 'Nepal', 152);
INSERT INTO country_translation(language_id, name, country_id) VALUES (1, 'Netherlands', 153);
INSERT INTO country_translation(language_id, name, country_id) VALUES (1, 'Netherlands Antilles', 154);
INSERT INTO country_translation(language_id, name, country_id) VALUES (1, 'New Caledonia', 155);
INSERT INTO country_translation(language_id, name, country_id) VALUES (1, 'New Zealand', 156);
INSERT INTO country_translation(language_id, name, country_id) VALUES (1, 'Nicaragua', 157);
INSERT INTO country_translation(language_id, name, country_id) VALUES (1, 'Niger', 158);
INSERT INTO country_translation(language_id, name, country_id) VALUES (1, 'Nigeria', 159);
INSERT INTO country_translation(language_id, name, country_id) VALUES (1, 'Niue', 160);
INSERT INTO country_translation(language_id, name, country_id) VALUES (1, 'Norfolk Island', 161);
INSERT INTO country_translation(language_id, name, country_id) VALUES (1, 'North Korea', 162);
INSERT INTO country_translation(language_id, name, country_id) VALUES (1, 'Northern Ireland', 252);
INSERT INTO country_translation(language_id, name, country_id) VALUES (1, 'Northern Mariana Islands', 163);
INSERT INTO country_translation(language_id, name, country_id) VALUES (1, 'Norway', 164);
INSERT INTO country_translation(language_id, name, country_id) VALUES (1, 'Oman', 166);
INSERT INTO country_translation(language_id, name, country_id) VALUES (1, 'Pakistan', 167);
INSERT INTO country_translation(language_id, name, country_id) VALUES (1, 'Palau', 168);
INSERT INTO country_translation(language_id, name, country_id) VALUES (1, 'Palestine', 169);
INSERT INTO country_translation(language_id, name, country_id) VALUES (1, 'Panama', 170);
INSERT INTO country_translation(language_id, name, country_id) VALUES (1, 'Papua New Guinea', 171);
INSERT INTO country_translation(language_id, name, country_id) VALUES (1, 'Paraguay', 172);
INSERT INTO country_translation(language_id, name, country_id) VALUES (1, 'Peru', 173);
INSERT INTO country_translation(language_id, name, country_id) VALUES (1, 'Philippines', 174);
INSERT INTO country_translation(language_id, name, country_id) VALUES (1, 'Pitcairn Islands', 175);
INSERT INTO country_translation(language_id, name, country_id) VALUES (1, 'Poland', 176);
INSERT INTO country_translation(language_id, name, country_id) VALUES (1, 'Portugal', 177);
INSERT INTO country_translation(language_id, name, country_id) VALUES (1, 'Puerto Rico', 178);
INSERT INTO country_translation(language_id, name, country_id) VALUES (1, 'Qatar', 179);
INSERT INTO country_translation(language_id, name, country_id) VALUES (1, 'Republic of the Congo', 180);
INSERT INTO country_translation(language_id, name, country_id) VALUES (1, 'Reunion Island', 181);
INSERT INTO country_translation(language_id, name, country_id) VALUES (1, 'Romania', 182);
INSERT INTO country_translation(language_id, name, country_id) VALUES (1, 'Russia', 183);
INSERT INTO country_translation(language_id, name, country_id) VALUES (1, 'Rwanda', 184);
INSERT INTO country_translation(language_id, name, country_id) VALUES (1, 'Saint Barthelemy', 185);
INSERT INTO country_translation(language_id, name, country_id) VALUES (1, 'Saint Helena', 186);
INSERT INTO country_translation(language_id, name, country_id) VALUES (1, 'Saint Kitts and Nevis', 187);
INSERT INTO country_translation(language_id, name, country_id) VALUES (1, 'Saint Lucia', 188);
INSERT INTO country_translation(language_id, name, country_id) VALUES (1, 'Saint Martin', 189);
INSERT INTO country_translation(language_id, name, country_id) VALUES (1, 'Saint Pierre and Miquelon', 190);
INSERT INTO country_translation(language_id, name, country_id) VALUES (1, 'Saint Vincent and the Grenadines', 191);
INSERT INTO country_translation(language_id, name, country_id) VALUES (1, 'Samoa', 192);
INSERT INTO country_translation(language_id, name, country_id) VALUES (1, 'San Marino', 193);
INSERT INTO country_translation(language_id, name, country_id) VALUES (1, 'Sao Tome and Principe', 194);
INSERT INTO country_translation(language_id, name, country_id) VALUES (1, 'Saudi Arabia', 195);
INSERT INTO country_translation(language_id, name, country_id) VALUES (1, 'Scotland', 251);
INSERT INTO country_translation(language_id, name, country_id) VALUES (1, 'Senegal', 196);
INSERT INTO country_translation(language_id, name, country_id) VALUES (1, 'Serbia', 197);
INSERT INTO country_translation(language_id, name, country_id) VALUES (1, 'Seychelles', 198);
INSERT INTO country_translation(language_id, name, country_id) VALUES (1, 'Sierra Leone', 199);
INSERT INTO country_translation(language_id, name, country_id) VALUES (1, 'Singapore', 200);
INSERT INTO country_translation(language_id, name, country_id) VALUES (1, 'Sint Maarten', 201);
INSERT INTO country_translation(language_id, name, country_id) VALUES (1, 'Slovakia', 202);
INSERT INTO country_translation(language_id, name, country_id) VALUES (1, 'Slovenia', 203);
INSERT INTO country_translation(language_id, name, country_id) VALUES (1, 'Solomon Islands', 204);
INSERT INTO country_translation(language_id, name, country_id) VALUES (1, 'Somalia', 205);
INSERT INTO country_translation(language_id, name, country_id) VALUES (1, 'South Africa', 206);
INSERT INTO country_translation(language_id, name, country_id) VALUES (1, 'South Korea', 208);
INSERT INTO country_translation(language_id, name, country_id) VALUES (1, 'South Sudan', 209);
INSERT INTO country_translation(language_id, name, country_id) VALUES (1, 'Spain', 210);
INSERT INTO country_translation(language_id, name, country_id) VALUES (1, 'Sri Lanka', 211);
INSERT INTO country_translation(language_id, name, country_id) VALUES (1, 'Sudan', 212);
INSERT INTO country_translation(language_id, name, country_id) VALUES (1, 'Suriname', 213);
INSERT INTO country_translation(language_id, name, country_id) VALUES (1, 'Svalbard', 214);
INSERT INTO country_translation(language_id, name, country_id) VALUES (1, 'Swaziland', 215);
INSERT INTO country_translation(language_id, name, country_id) VALUES (1, 'Sweden', 216);
INSERT INTO country_translation(language_id, name, country_id) VALUES (1, 'Switzerland', 217);
INSERT INTO country_translation(language_id, name, country_id) VALUES (1, 'Syria', 218);
INSERT INTO country_translation(language_id, name, country_id) VALUES (1, 'Taiwan', 219);
INSERT INTO country_translation(language_id, name, country_id) VALUES (1, 'Tajikistan', 220);
INSERT INTO country_translation(language_id, name, country_id) VALUES (1, 'Tanzania', 221);
INSERT INTO country_translation(language_id, name, country_id) VALUES (1, 'Thailand', 222);
INSERT INTO country_translation(language_id, name, country_id) VALUES (1, 'Timor Leste (East Timor)', 223);
INSERT INTO country_translation(language_id, name, country_id) VALUES (1, 'Togo', 224);
INSERT INTO country_translation(language_id, name, country_id) VALUES (1, 'Tokelau', 225);
INSERT INTO country_translation(language_id, name, country_id) VALUES (1, 'Tonga Islands', 226);
INSERT INTO country_translation(language_id, name, country_id) VALUES (1, 'Trinidad and Tobago', 227);
INSERT INTO country_translation(language_id, name, country_id) VALUES (1, 'Tunisia', 228);
INSERT INTO country_translation(language_id, name, country_id) VALUES (1, 'Turkey', 229);
INSERT INTO country_translation(language_id, name, country_id) VALUES (1, 'Turkmenistan', 230);
INSERT INTO country_translation(language_id, name, country_id) VALUES (1, 'Turks and Caicos Islands', 231);
INSERT INTO country_translation(language_id, name, country_id) VALUES (1, 'Tuvalu', 232);
INSERT INTO country_translation(language_id, name, country_id) VALUES (1, 'Uganda', 233);
INSERT INTO country_translation(language_id, name, country_id) VALUES (1, 'Ukraine', 234);
INSERT INTO country_translation(language_id, name, country_id) VALUES (1, 'United Arab Emirates', 235);
INSERT INTO country_translation(language_id, name, country_id) VALUES (1, 'United Kingdom', 236);
INSERT INTO country_translation(language_id, name, country_id) VALUES (1, 'United States', 237);
INSERT INTO country_translation(language_id, name, country_id) VALUES (1, 'Uruguay', 238);
INSERT INTO country_translation(language_id, name, country_id) VALUES (1, 'US Virgin Islands', 239);
INSERT INTO country_translation(language_id, name, country_id) VALUES (1, 'Uzbekistan', 240);
INSERT INTO country_translation(language_id, name, country_id) VALUES (1, 'Vanuatu', 241);
INSERT INTO country_translation(language_id, name, country_id) VALUES (1, 'Venezuela', 242);
INSERT INTO country_translation(language_id, name, country_id) VALUES (1, 'Vietnam', 243);
INSERT INTO country_translation(language_id, name, country_id) VALUES (1, 'Wales', 250);
INSERT INTO country_translation(language_id, name, country_id) VALUES (1, 'Wallis and Futuna', 244);
INSERT INTO country_translation(language_id, name, country_id) VALUES (1, 'Western Sahara', 245);
INSERT INTO country_translation(language_id, name, country_id) VALUES (1, 'Yemen', 246);
INSERT INTO country_translation(language_id, name, country_id) VALUES (1, 'Zambia', 247);
INSERT INTO country_translation(language_id, name, country_id) VALUES (1, 'Zimbabwe', 248);
INSERT INTO country_translation(language_id, name, country_id) VALUES (2, ' Pitcairn', 175);
INSERT INTO country_translation(language_id, name, country_id) VALUES (2, 'Afghanistan', 1);
INSERT INTO country_translation(language_id, name, country_id) VALUES (2, 'Afrique du Sud', 206);
INSERT INTO country_translation(language_id, name, country_id) VALUES (2, 'Albanie', 2);
INSERT INTO country_translation(language_id, name, country_id) VALUES (2, 'Algérie', 3);
INSERT INTO country_translation(language_id, name, country_id) VALUES (2, 'Allemagne', 82);
INSERT INTO country_translation(language_id, name, country_id) VALUES (2, 'Andorre', 5);
INSERT INTO country_translation(language_id, name, country_id) VALUES (2, 'Angleterre', 249);
INSERT INTO country_translation(language_id, name, country_id) VALUES (2, 'Angola', 6);
INSERT INTO country_translation(language_id, name, country_id) VALUES (2, 'Anguilla', 7);
INSERT INTO country_translation(language_id, name, country_id) VALUES (2, 'Antarctique', 8);
INSERT INTO country_translation(language_id, name, country_id) VALUES (2, 'Antigua et Barbuda', 9);
INSERT INTO country_translation(language_id, name, country_id) VALUES (2, 'Antilles néerlandaises', 154);
INSERT INTO country_translation(language_id, name, country_id) VALUES (2, 'Arabie Saoudite', 195);
INSERT INTO country_translation(language_id, name, country_id) VALUES (2, 'Argentine', 10);
INSERT INTO country_translation(language_id, name, country_id) VALUES (2, 'Arménie', 11);
INSERT INTO country_translation(language_id, name, country_id) VALUES (2, 'Aruba', 12);
INSERT INTO country_translation(language_id, name, country_id) VALUES (2, 'Australie', 14);
INSERT INTO country_translation(language_id, name, country_id) VALUES (2, 'Autriche', 15);
INSERT INTO country_translation(language_id, name, country_id) VALUES (2, 'Azerbaïdjan', 16);
INSERT INTO country_translation(language_id, name, country_id) VALUES (2, 'Bahamas', 17);
INSERT INTO country_translation(language_id, name, country_id) VALUES (2, 'Bahreïn', 18);
INSERT INTO country_translation(language_id, name, country_id) VALUES (2, 'Bangladesh', 19);
INSERT INTO country_translation(language_id, name, country_id) VALUES (2, 'Barbade', 20);
INSERT INTO country_translation(language_id, name, country_id) VALUES (2, 'Belgique', 22);
INSERT INTO country_translation(language_id, name, country_id) VALUES (2, 'Belize', 23);
INSERT INTO country_translation(language_id, name, country_id) VALUES (2, 'Bermudes', 24);
INSERT INTO country_translation(language_id, name, country_id) VALUES (2, 'Bermudes', 25);
INSERT INTO country_translation(language_id, name, country_id) VALUES (2, 'Bhoutan', 26);
INSERT INTO country_translation(language_id, name, country_id) VALUES (2, 'Biélorussie', 21);
INSERT INTO country_translation(language_id, name, country_id) VALUES (2, 'Birmanie (Myanmar)', 35);
INSERT INTO country_translation(language_id, name, country_id) VALUES (2, 'Bolivie', 27);
INSERT INTO country_translation(language_id, name, country_id) VALUES (2, 'Bosnie et Herzégovine', 28);
INSERT INTO country_translation(language_id, name, country_id) VALUES (2, 'Botswana', 29);
INSERT INTO country_translation(language_id, name, country_id) VALUES (2, 'Brésil', 30);
INSERT INTO country_translation(language_id, name, country_id) VALUES (2, 'Brunei', 32);
INSERT INTO country_translation(language_id, name, country_id) VALUES (2, 'Bulgarie', 33);
INSERT INTO country_translation(language_id, name, country_id) VALUES (2, 'Burkina Faso', 34);
INSERT INTO country_translation(language_id, name, country_id) VALUES (2, 'Burundi', 36);
INSERT INTO country_translation(language_id, name, country_id) VALUES (2, 'Cambodge', 37);
INSERT INTO country_translation(language_id, name, country_id) VALUES (2, 'Cameroun', 38);
INSERT INTO country_translation(language_id, name, country_id) VALUES (2, 'Canada', 40);
INSERT INTO country_translation(language_id, name, country_id) VALUES (2, 'Cap Vert', 41);
INSERT INTO country_translation(language_id, name, country_id) VALUES (2, 'Chili', 45);
INSERT INTO country_translation(language_id, name, country_id) VALUES (2, 'Chine', 46);
INSERT INTO country_translation(language_id, name, country_id) VALUES (2, 'Chypre', 56);
INSERT INTO country_translation(language_id, name, country_id) VALUES (2, 'Colombie', 49);
INSERT INTO country_translation(language_id, name, country_id) VALUES (2, 'Comores', 50);
INSERT INTO country_translation(language_id, name, country_id) VALUES (2, 'Congo', 51);
INSERT INTO country_translation(language_id, name, country_id) VALUES (2, 'Corée du Nord', 162);
INSERT INTO country_translation(language_id, name, country_id) VALUES (2, 'Corée du Sud', 208);
INSERT INTO country_translation(language_id, name, country_id) VALUES (2, 'Costa Rica', 53);
INSERT INTO country_translation(language_id, name, country_id) VALUES (2, 'Côte d''Ivoire', 108);
INSERT INTO country_translation(language_id, name, country_id) VALUES (2, 'Croatie', 54);
INSERT INTO country_translation(language_id, name, country_id) VALUES (2, 'Cuba', 55);
INSERT INTO country_translation(language_id, name, country_id) VALUES (2, 'Danemark', 59);
INSERT INTO country_translation(language_id, name, country_id) VALUES (2, 'Diego Garcia', 60);
INSERT INTO country_translation(language_id, name, country_id) VALUES (2, 'Djibouti', 61);
INSERT INTO country_translation(language_id, name, country_id) VALUES (2, 'Dominique', 62);
INSERT INTO country_translation(language_id, name, country_id) VALUES (2, 'Écosse', 251);
INSERT INTO country_translation(language_id, name, country_id) VALUES (2, 'Égypte', 65);
INSERT INTO country_translation(language_id, name, country_id) VALUES (2, 'El Salvador', 66);
INSERT INTO country_translation(language_id, name, country_id) VALUES (2, 'Emirats Arabes Unis', 235);
INSERT INTO country_translation(language_id, name, country_id) VALUES (2, 'Equateur', 64);
INSERT INTO country_translation(language_id, name, country_id) VALUES (2, 'Erythrée', 68);
INSERT INTO country_translation(language_id, name, country_id) VALUES (2, 'Espagne', 210);
INSERT INTO country_translation(language_id, name, country_id) VALUES (2, 'Estonie', 69);
INSERT INTO country_translation(language_id, name, country_id) VALUES (2, 'États Unis', 237);
INSERT INTO country_translation(language_id, name, country_id) VALUES (2, 'Éthiopie', 70);
INSERT INTO country_translation(language_id, name, country_id) VALUES (2, 'Fiji', 73);
INSERT INTO country_translation(language_id, name, country_id) VALUES (2, 'Finlande', 74);
INSERT INTO country_translation(language_id, name, country_id) VALUES (2, 'France', 75);
INSERT INTO country_translation(language_id, name, country_id) VALUES (2, 'Gabon', 78);
INSERT INTO country_translation(language_id, name, country_id) VALUES (2, 'Gambie', 79);
INSERT INTO country_translation(language_id, name, country_id) VALUES (2, 'Géorgie', 80);
INSERT INTO country_translation(language_id, name, country_id) VALUES (2, 'Ghana', 83);
INSERT INTO country_translation(language_id, name, country_id) VALUES (2, 'Gibraltar', 84);
INSERT INTO country_translation(language_id, name, country_id) VALUES (2, 'Grèce', 85);
INSERT INTO country_translation(language_id, name, country_id) VALUES (2, 'Grenade', 87);
INSERT INTO country_translation(language_id, name, country_id) VALUES (2, 'Groenland', 86);
INSERT INTO country_translation(language_id, name, country_id) VALUES (2, 'Guadeloupe', 88);
INSERT INTO country_translation(language_id, name, country_id) VALUES (2, 'Guam', 89);
INSERT INTO country_translation(language_id, name, country_id) VALUES (2, 'Guatemala', 90);
INSERT INTO country_translation(language_id, name, country_id) VALUES (2, 'Guinée', 91);
INSERT INTO country_translation(language_id, name, country_id) VALUES (2, 'Guinée Bissau', 92);
INSERT INTO country_translation(language_id, name, country_id) VALUES (2, 'Guinée équatoriale', 67);
INSERT INTO country_translation(language_id, name, country_id) VALUES (2, 'Guyana', 93);
INSERT INTO country_translation(language_id, name, country_id) VALUES (2, 'Guyane française', 76);
INSERT INTO country_translation(language_id, name, country_id) VALUES (2, 'Haïti', 94);
INSERT INTO country_translation(language_id, name, country_id) VALUES (2, 'Honduras', 96);
INSERT INTO country_translation(language_id, name, country_id) VALUES (2, 'Hong Kong', 97);
INSERT INTO country_translation(language_id, name, country_id) VALUES (2, 'Hongrie', 98);
INSERT INTO country_translation(language_id, name, country_id) VALUES (2, 'Île Christmas', 47);
INSERT INTO country_translation(language_id, name, country_id) VALUES (2, 'Île de l''Ascension', 13);
INSERT INTO country_translation(language_id, name, country_id) VALUES (2, 'Île de la Réunion', 181);
INSERT INTO country_translation(language_id, name, country_id) VALUES (2, 'Île de Man', 105);
INSERT INTO country_translation(language_id, name, country_id) VALUES (2, 'Île Maurice', 139);
INSERT INTO country_translation(language_id, name, country_id) VALUES (2, 'Île Norfolk', 161);
INSERT INTO country_translation(language_id, name, country_id) VALUES (2, 'Îles Caïmans', 42);
INSERT INTO country_translation(language_id, name, country_id) VALUES (2, 'Îles Cocos (Keeling)', 48);
INSERT INTO country_translation(language_id, name, country_id) VALUES (2, 'Îles Cook ', 52);
INSERT INTO country_translation(language_id, name, country_id) VALUES (2, 'Îles Falkland', 71);
INSERT INTO country_translation(language_id, name, country_id) VALUES (2, 'Îles Féroé', 72);
INSERT INTO country_translation(language_id, name, country_id) VALUES (2, 'Îles Mariannes du Nord', 163);
INSERT INTO country_translation(language_id, name, country_id) VALUES (2, 'Îles Marshall', 136);
INSERT INTO country_translation(language_id, name, country_id) VALUES (2, 'Îles Salomon', 204);
INSERT INTO country_translation(language_id, name, country_id) VALUES (2, 'Îles Vierges américaines', 239);
INSERT INTO country_translation(language_id, name, country_id) VALUES (2, 'Îles Vierges britanniques', 31);
INSERT INTO country_translation(language_id, name, country_id) VALUES (2, 'Inde', 100);
INSERT INTO country_translation(language_id, name, country_id) VALUES (2, 'Indonésie', 101);
INSERT INTO country_translation(language_id, name, country_id) VALUES (2, 'Irak', 103);
INSERT INTO country_translation(language_id, name, country_id) VALUES (2, 'Iran', 102);
INSERT INTO country_translation(language_id, name, country_id) VALUES (2, 'Irlande', 104);
INSERT INTO country_translation(language_id, name, country_id) VALUES (2, 'Irlande du Nord', 252);
INSERT INTO country_translation(language_id, name, country_id) VALUES (2, 'Islande', 99);
INSERT INTO country_translation(language_id, name, country_id) VALUES (2, 'Israël', 106);
INSERT INTO country_translation(language_id, name, country_id) VALUES (2, 'Italie', 107);
INSERT INTO country_translation(language_id, name, country_id) VALUES (2, 'Jamaïque', 109);
INSERT INTO country_translation(language_id, name, country_id) VALUES (2, 'Japon', 110);
INSERT INTO country_translation(language_id, name, country_id) VALUES (2, 'Jersey', 111);
INSERT INTO country_translation(language_id, name, country_id) VALUES (2, 'Jordanie', 112);
INSERT INTO country_translation(language_id, name, country_id) VALUES (2, 'Kazakhstan', 113);
INSERT INTO country_translation(language_id, name, country_id) VALUES (2, 'Kenya', 114);
INSERT INTO country_translation(language_id, name, country_id) VALUES (2, 'Kirghizistan', 117);
INSERT INTO country_translation(language_id, name, country_id) VALUES (2, 'Kiribati', 115);
INSERT INTO country_translation(language_id, name, country_id) VALUES (2, 'Koweït', 116);
INSERT INTO country_translation(language_id, name, country_id) VALUES (2, 'Laos', 118);
INSERT INTO country_translation(language_id, name, country_id) VALUES (2, 'Lesotho', 121);
INSERT INTO country_translation(language_id, name, country_id) VALUES (2, 'Lettonie', 119);
INSERT INTO country_translation(language_id, name, country_id) VALUES (2, 'Liban', 120);
INSERT INTO country_translation(language_id, name, country_id) VALUES (2, 'Libéria', 122);
INSERT INTO country_translation(language_id, name, country_id) VALUES (2, 'Libye', 124);
INSERT INTO country_translation(language_id, name, country_id) VALUES (2, 'Liechtenstein', 125);
INSERT INTO country_translation(language_id, name, country_id) VALUES (2, 'Lituanie', 126);
INSERT INTO country_translation(language_id, name, country_id) VALUES (2, 'Luxembourg', 127);
INSERT INTO country_translation(language_id, name, country_id) VALUES (2, 'Macao', 128);
INSERT INTO country_translation(language_id, name, country_id) VALUES (2, 'Macédoine', 129);
INSERT INTO country_translation(language_id, name, country_id) VALUES (2, 'Madagascar', 130);
INSERT INTO country_translation(language_id, name, country_id) VALUES (2, 'Malaisie', 132);
INSERT INTO country_translation(language_id, name, country_id) VALUES (2, 'Malawi', 131);
INSERT INTO country_translation(language_id, name, country_id) VALUES (2, 'Maldives', 133);
INSERT INTO country_translation(language_id, name, country_id) VALUES (2, 'Mali', 134);
INSERT INTO country_translation(language_id, name, country_id) VALUES (2, 'Malte', 135);
INSERT INTO country_translation(language_id, name, country_id) VALUES (2, 'Maroc', 148);
INSERT INTO country_translation(language_id, name, country_id) VALUES (2, 'Martinique', 137);
INSERT INTO country_translation(language_id, name, country_id) VALUES (2, 'Mauritanie', 138);
INSERT INTO country_translation(language_id, name, country_id) VALUES (2, 'Mayotte', 140);
INSERT INTO country_translation(language_id, name, country_id) VALUES (2, 'Mexique', 141);
INSERT INTO country_translation(language_id, name, country_id) VALUES (2, 'Micronésie', 142);
INSERT INTO country_translation(language_id, name, country_id) VALUES (2, 'Moldavie', 143);
INSERT INTO country_translation(language_id, name, country_id) VALUES (2, 'Monaco', 144);
INSERT INTO country_translation(language_id, name, country_id) VALUES (2, 'Mongolie', 145);
INSERT INTO country_translation(language_id, name, country_id) VALUES (2, 'Monténégro', 146);
INSERT INTO country_translation(language_id, name, country_id) VALUES (2, 'Montserrat', 147);
INSERT INTO country_translation(language_id, name, country_id) VALUES (2, 'Mozambique', 149);
INSERT INTO country_translation(language_id, name, country_id) VALUES (2, 'Namibie', 150);
INSERT INTO country_translation(language_id, name, country_id) VALUES (2, 'Nauru', 151);
INSERT INTO country_translation(language_id, name, country_id) VALUES (2, 'Népal', 152);
INSERT INTO country_translation(language_id, name, country_id) VALUES (2, 'Nicaragua', 157);
INSERT INTO country_translation(language_id, name, country_id) VALUES (2, 'Niger', 158);
INSERT INTO country_translation(language_id, name, country_id) VALUES (2, 'Nigéria', 159);
INSERT INTO country_translation(language_id, name, country_id) VALUES (2, 'Niue', 160);
INSERT INTO country_translation(language_id, name, country_id) VALUES (2, 'Norvège', 164);
INSERT INTO country_translation(language_id, name, country_id) VALUES (2, 'Nouvelle Calédonie', 155);
INSERT INTO country_translation(language_id, name, country_id) VALUES (2, 'Nouvelle Zélande', 156);
INSERT INTO country_translation(language_id, name, country_id) VALUES (2, 'Oman', 166);
INSERT INTO country_translation(language_id, name, country_id) VALUES (2, 'Ouganda', 233);
INSERT INTO country_translation(language_id, name, country_id) VALUES (2, 'Ouzbékistan', 240);
INSERT INTO country_translation(language_id, name, country_id) VALUES (2, 'Pakistan', 167);
INSERT INTO country_translation(language_id, name, country_id) VALUES (2, 'Palau', 168);
INSERT INTO country_translation(language_id, name, country_id) VALUES (2, 'Palestine', 169);
INSERT INTO country_translation(language_id, name, country_id) VALUES (2, 'Panama', 170);
INSERT INTO country_translation(language_id, name, country_id) VALUES (2, 'Papouasie Nouvelle Guinée', 171);
INSERT INTO country_translation(language_id, name, country_id) VALUES (2, 'Paraguay', 172);
INSERT INTO country_translation(language_id, name, country_id) VALUES (2, 'Pays Bas', 153);
INSERT INTO country_translation(language_id, name, country_id) VALUES (2, 'Pays de Galles', 250);
INSERT INTO country_translation(language_id, name, country_id) VALUES (2, 'Pérou', 173);
INSERT INTO country_translation(language_id, name, country_id) VALUES (2, 'Philippines', 174);
INSERT INTO country_translation(language_id, name, country_id) VALUES (2, 'Pologne', 176);
INSERT INTO country_translation(language_id, name, country_id) VALUES (2, 'Polynésie française', 77);
INSERT INTO country_translation(language_id, name, country_id) VALUES (2, 'Portugal', 177);
INSERT INTO country_translation(language_id, name, country_id) VALUES (2, 'Puerto Rico', 178);
INSERT INTO country_translation(language_id, name, country_id) VALUES (2, 'Qatar', 179);
INSERT INTO country_translation(language_id, name, country_id) VALUES (2, 'République Centrafricaine', 43);
INSERT INTO country_translation(language_id, name, country_id) VALUES (2, 'République démocratique du Congo', 58);
INSERT INTO country_translation(language_id, name, country_id) VALUES (2, 'République dominicaine', 63);
INSERT INTO country_translation(language_id, name, country_id) VALUES (2, 'République du Congo', 180);
INSERT INTO country_translation(language_id, name, country_id) VALUES (2, 'République tchèque', 57);
INSERT INTO country_translation(language_id, name, country_id) VALUES (2, 'Roumanie', 182);
INSERT INTO country_translation(language_id, name, country_id) VALUES (2, 'Royaume Uni', 236);
INSERT INTO country_translation(language_id, name, country_id) VALUES (2, 'Russie', 183);
INSERT INTO country_translation(language_id, name, country_id) VALUES (2, 'Rwanda', 184);
INSERT INTO country_translation(language_id, name, country_id) VALUES (2, 'Sahara occidental', 245);
INSERT INTO country_translation(language_id, name, country_id) VALUES (2, 'Saint Barthélemy', 185);
INSERT INTO country_translation(language_id, name, country_id) VALUES (2, 'Saint Kitts et Nevis', 187);
INSERT INTO country_translation(language_id, name, country_id) VALUES (2, 'Saint Marin', 193);
INSERT INTO country_translation(language_id, name, country_id) VALUES (2, 'Saint Martin', 189);
INSERT INTO country_translation(language_id, name, country_id) VALUES (2, 'Saint Pierre et Miquelon', 190);
INSERT INTO country_translation(language_id, name, country_id) VALUES (2, 'Saint Siège (Cité du Vatican)', 95);
INSERT INTO country_translation(language_id, name, country_id) VALUES (2, 'Saint Vincent et les Grenadines', 191);
INSERT INTO country_translation(language_id, name, country_id) VALUES (2, 'Sainte Hélène', 186);
INSERT INTO country_translation(language_id, name, country_id) VALUES (2, 'Sainte Lucie', 188);
INSERT INTO country_translation(language_id, name, country_id) VALUES (2, 'Samoa', 192);
INSERT INTO country_translation(language_id, name, country_id) VALUES (2, 'Samoa américaines', 4);
INSERT INTO country_translation(language_id, name, country_id) VALUES (2, 'Sao Tomé et Principe', 194);
INSERT INTO country_translation(language_id, name, country_id) VALUES (2, 'Sénégal', 196);
INSERT INTO country_translation(language_id, name, country_id) VALUES (2, 'Serbie', 197);
INSERT INTO country_translation(language_id, name, country_id) VALUES (2, 'Seychelles', 198);
INSERT INTO country_translation(language_id, name, country_id) VALUES (2, 'Sierra Leone', 199);
INSERT INTO country_translation(language_id, name, country_id) VALUES (2, 'Singapour', 200);
INSERT INTO country_translation(language_id, name, country_id) VALUES (2, 'Sint Maarten', 201);
INSERT INTO country_translation(language_id, name, country_id) VALUES (2, 'Slovaquie', 202);
INSERT INTO country_translation(language_id, name, country_id) VALUES (2, 'Slovénie', 203);
INSERT INTO country_translation(language_id, name, country_id) VALUES (2, 'Somalie', 205);
INSERT INTO country_translation(language_id, name, country_id) VALUES (2, 'Soudan', 212);
INSERT INTO country_translation(language_id, name, country_id) VALUES (2, 'Soudan du Sud', 209);
INSERT INTO country_translation(language_id, name, country_id) VALUES (2, 'Sri Lanka', 211);
INSERT INTO country_translation(language_id, name, country_id) VALUES (2, 'Suède', 216);
INSERT INTO country_translation(language_id, name, country_id) VALUES (2, 'Suisse', 217);
INSERT INTO country_translation(language_id, name, country_id) VALUES (2, 'Suriname', 213);
INSERT INTO country_translation(language_id, name, country_id) VALUES (2, 'Svalbard', 214);
INSERT INTO country_translation(language_id, name, country_id) VALUES (2, 'Swaziland', 215);
INSERT INTO country_translation(language_id, name, country_id) VALUES (2, 'Syrie', 218);
INSERT INTO country_translation(language_id, name, country_id) VALUES (2, 'Tadjikistan', 220);
INSERT INTO country_translation(language_id, name, country_id) VALUES (2, 'Taïwan', 219);
INSERT INTO country_translation(language_id, name, country_id) VALUES (2, 'Tanzanie', 221);
INSERT INTO country_translation(language_id, name, country_id) VALUES (2, 'Tchad', 44);
INSERT INTO country_translation(language_id, name, country_id) VALUES (2, 'Thaïlande', 222);
INSERT INTO country_translation(language_id, name, country_id) VALUES (2, 'Timor Leste (Timor oriental)', 223);
INSERT INTO country_translation(language_id, name, country_id) VALUES (2, 'Togo', 224);
INSERT INTO country_translation(language_id, name, country_id) VALUES (2, 'Tokelau', 225);
INSERT INTO country_translation(language_id, name, country_id) VALUES (2, 'Tonga (Îles)', 226);
INSERT INTO country_translation(language_id, name, country_id) VALUES (2, 'Trinité et Tobago', 227);
INSERT INTO country_translation(language_id, name, country_id) VALUES (2, 'Tunisie', 228);
INSERT INTO country_translation(language_id, name, country_id) VALUES (2, 'Turkménistan', 230);
INSERT INTO country_translation(language_id, name, country_id) VALUES (2, 'Turks et Caicos (Îles)', 231);
INSERT INTO country_translation(language_id, name, country_id) VALUES (2, 'Turquie', 229);
INSERT INTO country_translation(language_id, name, country_id) VALUES (2, 'Tuvalu', 232);
INSERT INTO country_translation(language_id, name, country_id) VALUES (2, 'Ukraine', 234);
INSERT INTO country_translation(language_id, name, country_id) VALUES (2, 'Uruguay', 238);
INSERT INTO country_translation(language_id, name, country_id) VALUES (2, 'Vanuatu', 241);
INSERT INTO country_translation(language_id, name, country_id) VALUES (2, 'Venezuela', 242);
INSERT INTO country_translation(language_id, name, country_id) VALUES (2, 'Vietnam', 243);
INSERT INTO country_translation(language_id, name, country_id) VALUES (2, 'Wallis et Futuna', 244);
INSERT INTO country_translation(language_id, name, country_id) VALUES (2, 'Yémen', 246);
INSERT INTO country_translation(language_id, name, country_id) VALUES (2, 'Zambie', 247);
INSERT INTO country_translation(language_id, name, country_id) VALUES (2, 'Zimbabwe', 248);

